flesch_reading_ease,gunning_fog_index,coleman_liau_index,TTR,avg_freq,MTLD,self_focus,concreteness_index,avg_sentence_length,syntax_depth,past_verb_ratio,present_verb_ratio,future_verb_ratio,past_adverb_count,present_adverb_count,future_adverb_count,total_temporal_adverbs,certainty_count,uncertainty_count,hesitation_count,certainty_ratio,uncertainty_ratio,hesitation_ratio,active_voice_ratio,passive_voice_ratio,MSP,mlu_words,mlu_syllables
100.01777777777781,8.755555555555556,9.742639593908631,0.44126074498567336,5879.7659729485795,45.78603528846983,0.06303724928366762,-0.8638640724802806,349.0,17,0.574468085106383,0.1702127659574468,0.02127659574468085,0,1,0,1,9,1,12,0.021897810218978103,0.0024330900243309003,0.029197080291970802,0.8571428571428571,0.14285714285714285,1.2392638036809815,19.571428571428573,38.095238095238095
109.71401851254338,4.6869565217391305,10.759925788497217,0.4514038876889849,4501.492484131744,64.5374479889043,0.05183585313174946,-1.0806286895218935,154.33333333333334,12,0.09523809523809523,0.5396825396825397,0.015873015873015872,1,1,0,2,14,3,30,0.023688663282571912,0.005076142131979695,0.050761421319796954,0.9661016949152542,0.03389830508474576,1.1592920353982301,10.944444444444445,21.796296296296298
